id_industria,sprint,fecha_inicio,fecha_fin,Definición,Recopilación,Exploración,Preprocesamiento,Modelado,Agregación,Automatización,Predicción,Visualización,Dashboard,Comprensión,Storytelling,id_portfolio,url_portfolio,id_insights,url_insights
01,S1,2026-10-04,2026-10-07,Establecer métricas REC,Recopilar con Python,,,,,,,,,,,REC_01,https://github.com/saorionline/direccion-profesional,,
02,S2,2026-10-07,2026-10-10,Delimitar eventos REC,Extraer registros datos de tráfico Python,,,,,,,,,,,,,,
03,S3,2026-10-10,2026-10-15,Identificar los indicadores REC,Recolectar ,,,,,,,,,,,,,,
04,S4,2026-10-13,2026-10-16,Especificar las métricas utilizadas para cuantificar, Agregar ,,,,,,,,,,,,,,
05,S5,2026-10-16,2026-10-20,Determinar los indicadores que permiten medir,Estraer,,,,,,,,,,,,,,
06,S6,2026-10-20,2026-10-26,Definir los criterios métricos asociados a REC,Consolidar información,,,,,,,,,,,,,,
07,S7,2026-10-23,2026-10-28,Señalar qué variables permiten evaluar,,,,,,,,,,,,,,,
08,S8,2026-10-26,2026-10-29,Determinar requerimientos Social Media Analytics,,,,,,,,,,,,,,,
09,S9,2026-10-29,2026-11-04,Fijar diccionario de métricas,,,,,,,,,,,,,,,
10,S1,2026-10-04,2026-10-08,Establecer métricas REC,,,,,,,,,,,,,,,
11,S2,2026-10-07,2026-10-11,Delimitar eventos REC,,,,,,,,,,,,,,,
12,S3,2026-10-10,2026-10-15,Identificar los indicadores REC,,,,,,,,,,,,,,,
13,S4,2026-10-13,2026-10-17,Especificar las métricas utilizadas para cuantificar,,,,,,,,,,,,,,,
14,S5,2026-10-16,2026-10-20,Determinar los indicadores que permiten medir,,,,,,,,,,,,,,,
15,S6,2026-10-20,2026-10-24,Definir los criterios métricos asociados a REC,,,,,,,,,,,,,,,
16,S7,2026-10-23,2026-10-28,Señalar qué variables permiten evaluar,,,,,,,,,,,,,,,
17,S8,2026-10-26,2026-10-29,Determinar requerimientos Social Media Analytics,,,,,,,,,,,,,,,
18,S9,2026-10-29,2026-11-04,Fijar diccionario de métricas,,,,,,,,,,,,,,,
19,S1,2026-10-04,2026-10-09,Establecer métricas REC,,,,,,,,,,,,,,,
20,S2,2026-10-07,2026-10-11,Delimitar eventos REC,,,,,,,,,,,,,,,
21,S3,2026-10-10,2026-10-13,Identificar los indicadores REC,,,,,,,,,,,,,,,
22,S4,2026-10-13,2026-10-16,Especificar las métricas utilizadas para cuantificar,,,,,,,,,,,,,,,
23,S5,2026-10-16,2026-10-22,Determinar los indicadores que permiten medir,,,,,,,,,,,,,,,
24,S6,2026-10-19,2026-10-26,Definir los criterios métricos asociados a REC,,,,,,,,,,,,,,,
25,S7,2026-10-22,2026-10-27,Señalar qué variables permiten evaluar,,,,,,,,,,,,,,,
26,S8,2026-10-25,2026-10-28,Determinar requerimientos Social Media Analytics,,,,,,,,,,,,,,,
27,S9,2026-10-28,2026-11-04,Fijar diccionario de métricas,,,,,,,,,,,,,,,
28,S1,2026-10-04,2026-10-07,Establecer métricas REC,,,,,,,,,,,,REC_02,https://github.com/saorionline/direccion-profesional,,
29,S2,2026-10-07,2026-10-14,Delimitar eventos REC,,,,,,,,,,,,,,,
30,S3,2026-10-10,2026-10-16,Identificar los indicadores REC,,,,,,,,,,,,,,,
31,S4,2026-10-13,2026-10-18,Especificar las métricas utilizadas para cuantificar,,,,,,,,,,,,,,,
32,S5,2026-10-16,2026-10-19,Determinar los indicadores que permiten medir,,,,,,,,,,,,,,,
33,S6,2026-10-20,2026-10-23,Definir los criterios métricos asociados a REC,,,,,,,,,,,,,,,
34,S7,2026-10-23,2026-10-27,Señalar qué variables permiten evaluar,,,,,,,,,,,,,,,
35,S8,2026-10-26,2026-10-31,Determinar requerimientos Social Media Analytics,,,,,,,,,,,,,,,
36,S9,2026-10-29,2026-11-04,Fijar diccionario de métricas,,,,,,,,,,,,,,,
